-- Dados de exemplo compatíveis com a estrutura Oracle atual
-- Execute primeiro: sql/scripts/pagamento_create.sql
-- Depois execute: sql/scripts/pagamento_import.sql (com dados realistas)

INSERT INTO TB_CLIENTE (ID_CLIENTE, NOME_CLIENTE, EMAIL_CLIENTE, TELEFONE_CLIENTE, VALOR_MEDIO_PAGAMENTO) VALUES (1, 'Bruno Souza', 'bruno.souza579@emailaleatorio.com', '(11) 998887304', 579.56);
INSERT INTO TB_CLIENTE (ID_CLIENTE, NOME_CLIENTE, EMAIL_CLIENTE, TELEFONE_CLIENTE, VALOR_MEDIO_PAGAMENTO) VALUES (2, 'João Gomes', 'joao.gomes265@emailaleatorio.com', '(11) 992650167', 926.50);
INSERT INTO TB_CLIENTE (ID_CLIENTE, NOME_CLIENTE, EMAIL_CLIENTE, TELEFONE_CLIENTE, VALOR_MEDIO_PAGAMENTO) VALUES (3, 'Isabela Santos', 'isabela.santos705@emailaleatorio.com', '(11) 985521026', 705.82);

INSERT INTO TB_CARTAO (ID_CARTAO, NUMERO_CARTAO, CVV_CARTAO, VALIDADE_CARTAO, TIPO_CARTAO, ID_CLIENTE) VALUES (1, '4111111111111111', '123', DATE '2025-12-31', 'CREDITO', 1);
INSERT INTO TB_CARTAO (ID_CARTAO, NUMERO_CARTAO, CVV_CARTAO, VALIDADE_CARTAO, TIPO_CARTAO, ID_CLIENTE) VALUES (2, '5555555555554444', '456', DATE '2026-06-30', 'DEBITO', 2);
INSERT INTO TB_CARTAO (ID_CARTAO, NUMERO_CARTAO, CVV_CARTAO, VALIDADE_CARTAO, TIPO_CARTAO, ID_CLIENTE) VALUES (3, '4012888888881881', '789', DATE '2027-03-31', 'CREDITO', 3);

INSERT INTO TB_PAGAMENTO (ID_PAGAMENTO, VALOR_PAGAMENTO, DESCRICAO_PAGAMENTO, DATA_PAGAMENTO, ID_CLIENTE, ID_CARTAO) VALUES (1, 579.56, 'Plano MindMatch Premium', TIMESTAMP '2024-12-28 14:30:00', 1, 1);
INSERT INTO TB_PAGAMENTO (ID_PAGAMENTO, VALOR_PAGAMENTO, DESCRICAO_PAGAMENTO, DATA_PAGAMENTO, ID_CLIENTE, ID_CARTAO) VALUES (2, 926.50, 'Plano MindMatch premium família', TIMESTAMP '2024-11-07 16:45:00', 2, 2);
INSERT INTO TB_PAGAMENTO (ID_PAGAMENTO, VALOR_PAGAMENTO, DESCRICAO_PAGAMENTO, DATA_PAGAMENTO, ID_CLIENTE, ID_CARTAO) VALUES (3, 705.82, 'Plano MindMatch básico', TIMESTAMP '2024-10-02 09:15:00', 3, 3);

INSERT INTO TB_MISSAO (ID_MISSAO, NOME_MISSAO, TEMPO_MISSAO) VALUES (1, 'Manutencao de Orbita', 72);
INSERT INTO TB_MISSAO (ID_MISSAO, NOME_MISSAO, TEMPO_MISSAO) VALUES (2, 'Exploracao do Setor Aurora', 48);
INSERT INTO TB_MISSAO (ID_MISSAO, NOME_MISSAO, TEMPO_MISSAO) VALUES (3, 'Vigilia da Nave', 24);
INSERT INTO TB_MISSAO (ID_MISSAO, NOME_MISSAO, TEMPO_MISSAO) VALUES (4, 'ISS Manutencao', 142);
INSERT INTO TB_MISSAO (ID_MISSAO, NOME_MISSAO, TEMPO_MISSAO) VALUES (5, 'Base Lunar Alpha', 89);
INSERT INTO TB_MISSAO (ID_MISSAO, NOME_MISSAO, TEMPO_MISSAO) VALUES (6, 'Mars Reconnaissance', 301);
INSERT INTO TB_MISSAO (ID_MISSAO, NOME_MISSAO, TEMPO_MISSAO) VALUES (7, 'ISS Experimentos', 156);

INSERT INTO TB_AGENTE (ID_AGENTE, NOME_AGENTE, ESPECIALIDADE_AGENTE, ULTIVA_REVISAO_AGENTE, DESCANSO_AGENTE, ID_MISSAO, STATUS) VALUES (1, 'Comandante Orion', 'Navegacao', DATE '2026-06-01', 12, 1, 'NORMAL');
INSERT INTO TB_AGENTE (ID_AGENTE, NOME_AGENTE, ESPECIALIDADE_AGENTE, ULTIVA_REVISAO_AGENTE, DESCANSO_AGENTE, ID_MISSAO, STATUS) VALUES (2, 'Tecnica Vega', 'Biomecanica', DATE '2026-06-03', 24, 2, 'ATENCAO');
INSERT INTO TB_AGENTE (ID_AGENTE, NOME_AGENTE, ESPECIALIDADE_AGENTE, ULTIVA_REVISAO_AGENTE, DESCANSO_AGENTE, ID_MISSAO, STATUS) VALUES (3, 'Analista Luma', 'Diagnostico', DATE '2026-05-28', 8, 3, 'CRITICO');
INSERT INTO TB_AGENTE (ID_AGENTE, NOME_AGENTE, ESPECIALIDADE_AGENTE, ULTIVA_REVISAO_AGENTE, DESCANSO_AGENTE, ID_MISSAO, STATUS) VALUES (4, 'Cmdr. Sarah Chen', 'Manutencao', DATE '2026-06-01', 14, 4, 'NORMAL');
INSERT INTO TB_AGENTE (ID_AGENTE, NOME_AGENTE, ESPECIALIDADE_AGENTE, ULTIVA_REVISAO_AGENTE, DESCANSO_AGENTE, ID_MISSAO, STATUS) VALUES (5, 'Dr. Marcus Webb', 'Astrofisica', DATE '2026-06-03', 20, 5, 'ATENCAO');
INSERT INTO TB_AGENTE (ID_AGENTE, NOME_AGENTE, ESPECIALIDADE_AGENTE, ULTIVA_REVISAO_AGENTE, DESCANSO_AGENTE, ID_MISSAO, STATUS) VALUES (6, 'Lt. Ana Sousa', 'Reconhecimento', DATE '2026-05-28', 18, 6, 'NORMAL');
INSERT INTO TB_AGENTE (ID_AGENTE, NOME_AGENTE, ESPECIALIDADE_AGENTE, ULTIVA_REVISAO_AGENTE, DESCANSO_AGENTE, ID_MISSAO, STATUS) VALUES (7, 'Eng. Yuki Tanaka', 'Experimentos', DATE '2026-06-02', 6, 7, 'CRITICO');

INSERT INTO TB_SINAL_SAUDE (ID_SINAL_SAUDE, NOME_SINAL, VALOR_SINAL, CATEGORIA_SINAL, STATUS_SINAL, ID_AGENTE) VALUES (1, 'Oxigenacao', '98%', 'FISICO', 'NORMAL', 1);
INSERT INTO TB_SINAL_SAUDE (ID_SINAL_SAUDE, NOME_SINAL, VALOR_SINAL, CATEGORIA_SINAL, STATUS_SINAL, ID_AGENTE) VALUES (2, 'Fadiga', '71%', 'FISICO', 'ATENCAO', 2);
INSERT INTO TB_SINAL_SAUDE (ID_SINAL_SAUDE, NOME_SINAL, VALOR_SINAL, CATEGORIA_SINAL, STATUS_SINAL, ID_AGENTE) VALUES (3, 'Nivel de Stress', '89%', 'MENTAL', 'CRITICO', 3);

INSERT INTO TB_TAREFA (ID_TAREFA, NOME_TAREFA, TIPO_TAREFA, HORARIO_TAREFA, PRIORIDADE_TAREFA, STATUS_TAREFA, ID_AGENTE) VALUES (1, 'Revisar painel de propulsao', 'Manutencao', TIMESTAMP '2026-06-06 08:00:00', 'ALTA', 'ANDAMENTO', 1);
INSERT INTO TB_TAREFA (ID_TAREFA, NOME_TAREFA, TIPO_TAREFA, HORARIO_TAREFA, PRIORIDADE_TAREFA, STATUS_TAREFA, ID_AGENTE) VALUES (2, 'Verificar modulo medico', 'Saude', TIMESTAMP '2026-06-06 10:30:00', 'CRITICA', 'PENDENTE', 3);
INSERT INTO TB_TAREFA (ID_TAREFA, NOME_TAREFA, TIPO_TAREFA, HORARIO_TAREFA, PRIORIDADE_TAREFA, STATUS_TAREFA, ID_AGENTE) VALUES (3, 'Atualizar mapa da rota estelar', 'Navegacao', TIMESTAMP '2026-06-06 13:45:00', 'MEDIA', 'CONCLUIDO', 2);

-- Mapeamento extra de missões
INSERT INTO TB_MISSAO (ID_MISSAO, NOME_MISSAO, TEMPO_MISSAO) VALUES (8, 'Missao de Resgate Lunar', 67);
INSERT INTO TB_MISSAO (ID_MISSAO, NOME_MISSAO, TEMPO_MISSAO) VALUES (9, 'Patrulha Orbital', 96);
INSERT INTO TB_MISSAO (ID_MISSAO, NOME_MISSAO, TEMPO_MISSAO) VALUES (10, 'Pesquisa de Exoplanetas', 210);

-- Novos agentes adicionais
INSERT INTO TB_AGENTE (ID_AGENTE, NOME_AGENTE, ESPECIALIDADE_AGENTE, ULTIVA_REVISAO_AGENTE, DESCANSO_AGENTE, ID_MISSAO, STATUS) VALUES (8, 'Capt. Nova Lee', 'Estrategia', DATE '2026-06-04', 10, 8, 'NORMAL');
INSERT INTO TB_AGENTE (ID_AGENTE, NOME_AGENTE, ESPECIALIDADE_AGENTE, ULTIVA_REVISAO_AGENTE, DESCANSO_AGENTE, ID_MISSAO, STATUS) VALUES (9, 'Dr. Elias Cruz', 'Biotecnologia', DATE '2026-06-02', 16, 9, 'ATENCAO');
INSERT INTO TB_AGENTE (ID_AGENTE, NOME_AGENTE, ESPECIALIDADE_AGENTE, ULTIVA_REVISAO_AGENTE, DESCANSO_AGENTE, ID_MISSAO, STATUS) VALUES (10, 'Eng. Maya Patel', 'Comunicacoes', DATE '2026-06-05', 11, 10, 'NORMAL');

BEGIN
  FOR agente_id IN 1..10 LOOP
    INSERT INTO TB_SINAL_SAUDE (ID_SINAL_SAUDE, NOME_SINAL, VALOR_SINAL, CATEGORIA_SINAL, STATUS_SINAL, ID_AGENTE)
    VALUES (100 + (agente_id-1)*3 + 1, 'Frequencia Cardiaca', TO_CHAR(TRUNC(DBMS_RANDOM.VALUE(68, 102))) || '%', 'FISICO', CASE WHEN MOD(agente_id, 3) = 0 THEN 'CRITICO' WHEN MOD(agente_id, 3) = 1 THEN 'NORMAL' ELSE 'ATENCAO' END, agente_id);

    INSERT INTO TB_SINAL_SAUDE (ID_SINAL_SAUDE, NOME_SINAL, VALOR_SINAL, CATEGORIA_SINAL, STATUS_SINAL, ID_AGENTE)
    VALUES (101 + (agente_id-1)*3 + 1, 'Pressao Arterial', TO_CHAR(TRUNC(DBMS_RANDOM.VALUE(110, 140))) || '/' || TO_CHAR(TRUNC(DBMS_RANDOM.VALUE(70, 90))), 'FISICO', CASE WHEN MOD(agente_id, 3) = 1 THEN 'NORMAL' WHEN MOD(agente_id, 3) = 2 THEN 'ATENCAO' ELSE 'CRITICO' END, agente_id);

    INSERT INTO TB_SINAL_SAUDE (ID_SINAL_SAUDE, NOME_SINAL, VALOR_SINAL, CATEGORIA_SINAL, STATUS_SINAL, ID_AGENTE)
    VALUES (102 + (agente_id-1)*3 + 1, 'Saturacao O2', TO_CHAR(TRUNC(DBMS_RANDOM.VALUE(92, 100))) || '%', 'FISICO', CASE WHEN MOD(agente_id, 4) = 0 THEN 'ATENCAO' ELSE 'NORMAL' END, agente_id);
  END LOOP;
  COMMIT;
END;
/

BEGIN
  FOR agente_id IN 1..10 LOOP
    FOR tarefa_ordem IN 1..5 LOOP
      INSERT INTO TB_TAREFA (ID_TAREFA, NOME_TAREFA, TIPO_TAREFA, HORARIO_TAREFA, PRIORIDADE_TAREFA, STATUS_TAREFA, ID_AGENTE)
      VALUES (
        200 + (agente_id-1)*5 + tarefa_ordem,
        CASE tarefa_ordem
          WHEN 1 THEN 'Check list de sistema'
          WHEN 2 THEN 'Inspecao de suporte vital'
          WHEN 3 THEN 'Atualizar log de missao'
          WHEN 4 THEN 'Testar protocolo de emergencia'
          ELSE 'Simular procedimento de voo'
        END,
        CASE MOD(tarefa_ordem, 4)
          WHEN 1 THEN 'Manutencao'
          WHEN 2 THEN 'Saude'
          WHEN 3 THEN 'Navegacao'
          ELSE 'Comunicacao'
        END,
        TIMESTAMP '2026-06-' || LPAD(6 + tarefa_ordem + agente_id, 2, '0') || ' ' || LPAD(6 + tarefa_ordem, 2, '0') || ':00:00',
        CASE tarefa_ordem
          WHEN 1 THEN 'CRITICA'
          WHEN 2 THEN 'ALTA'
          WHEN 3 THEN 'MEDIA'
          WHEN 4 THEN 'BAIXA'
          ELSE 'MEDIA'
        END,
        CASE MOD(agente_id + tarefa_ordem, 3)
          WHEN 0 THEN 'ANDAMENTO'
          WHEN 1 THEN 'PENDENTE'
          ELSE 'CONCLUIDO'
        END,
        agente_id
      );
    END LOOP;
  END LOOP;
  COMMIT;
END;
/
